theme,words
encha\^{i}nement,an apple
encha\^{i}nement,an egg
encha\^{i}nement,I have an apple.
encha\^{i}nement,I ate an egg
encha\^{i}nement,I have an English book.
encha\^{i}nement,Bob is in Africa.
encha\^{i}nement,I'm an American.
encha\^{i}nement,Can you get it for me?
encha\^{i}nement,She was born in August.
encha\^{i}nement,Please take it.
encha\^{i}nement,Please stand up.
encha\^{i}nement,I'll be back in an hour.
linking R,for ever
linking R,There are tears in her eyes.
gemination拇音化/tt/,eight times
gemination拇音化/tt/,She likes hot tea.
gemination拇音化/tt/,What time is it now?
gemination拇音化/tt/,Let's get together.
gemination拇音化/tt/,Have a great time/
gemination拇音化/kk/,Take care.
gemination拇音化/kk/,She drank cold milk.
gemination拇音化/kk/,Walk quickly.
gemination拇音化/kk/,You have to think carefully.
gemination拇音化/kk/,I don't like black coffee.
gemination???/pp/,Stop playing the game.
gemination???/pp/,They swam in the deep  pool.
gemination???/pp/,Help Peter with his homework.
gemination???/pp/,I hope Paul will win.
gemination???/pp/,I'll skip practice this week.
gemination拇音化/dd/,Have a good day.
gemination拇音化/dd/,It's been a bad day.
gemination拇音化/dd/,I told Dad about it.
gemination拇音化/dd/,"There are no bad dogs, only bad owners."
gemination拇音化/dd/,I had a good dream last night.
gemination拇音化/gg/,We have a big game tomorrow.
gemination拇音化/gg/,The pig grows fast.
gemination拇音化/gg/,My dog goes to the park every day.
gemination拇音化/gg/,The park has a big garden.
gemination拇音化/gg/,She is a big girl now.
gemination拇音化/bb/,Please open your web browser.
gemination拇音化/bb/,Bob bought a new car.
gemination拇音化/bb/,He plays in a club band.
gemination拇音化/bb/,You can grab both.
gemination拇音化/bb/,I checked the job board.
gemination拇音化/bb/,scrub brush
gemination拇音化/bb/,Let's grab burgers.
gemination拇音化/pb/,deep blue
gemination拇音化/pb/,Let's stop by the store.
gemination拇音化/pb/,Don't drop the soup bowl.
gemination拇音化/pb/,You will sleep better tonight.
gemination拇音化/pb/,Take a deep breath.
gemination拇音化/pb/,I bought a cheap book.
gemination拇音化/bp/,Look at this web page.
gemination拇音化/bp/,Let's grab popcorn before the movie.
gemination拇音化/bp/,Bob played soccer yesterday.
gemination拇音化/bp/,The drama has an interesting subplot.
gemination拇音化/bp/,His job performance is excellent.
gemination拇音化/td/,Please sit down.
gemination拇音化/td/,He came the next day.
gemination拇音化/td/,What did you do?
gemination拇音化/dt/,bedtime
gemination拇音化/dt/,We had a good time.
gemination拇音化/dt/,I had a very good time.
gemination拇音化/kg/,The cat was in the back garden.
gemination拇音化/kg/,Please close the back gate.
gemination拇音化/kg/,I like hot dogs.
gemination拇音化/gk/,I ate a big cake.
gemination拇音化/gk/,He drives a big car.
gemination拇音化/gk/,I saw a big cat.
/pt/,See you in September.
/pt/,My birthday is in September.
/pt/,The movie is in the top ten.
/pt/,He is our team captain.
/pt/,Let's move on to step two.
/pt/,Just keep trying.
/pt/,Stop talking.
/tp/,This is a great place.
/tp/,I need some white paper.
/tp/,Look at this foorprint.
/pk/,napkin
/pk/,Please keep quiet.
/kp/,I lost my black pen.
/kt/,doctor
/kt/,picture
/kt/,Please take two cookies.
/kt/,Let's work together.
/tk/,Let's drink some hot coffee.
/tk/,Can I pay by credit card?
/tk/,Look at that car.
/bd/,Bob did his homework.
/bd/,He is a cab driver.
/bd/,She studies web design.
/db/,You are a good boy.
/db/,I bought a red bag.
/db/,That's a very good book.
/bg/,Bob got a new phone.
/bg/,Let's play a web game.
/gb/,rugby
/gb/,You are a big boy now.
/gd/,I saw a big dog.
/gd/,Tomorrow is a big day.
/dg/,He plays the bad guy.
/pd/,a top-down approach
/pd/,Please stop doing that.
/pd/,stepdaughter
/pd/,top-down
/pd/,Stop driving so fast.
/pd/,Can you help dad?
/pd/,The emperature will drop down tonight.
/pd/,You can sleep deeply tonight.
/dp/,That is a good point.
/dp/,Please use a red pen.
/dp/,I don't like cold pizza.
/dp/,He is not a bad person.
/dp/,I told Peter about it.
/dp/,She showed me an old picture.
/pg/,She got a top grade.
/pg/,Please stop going there alone.
/pg/,The trees are deep green.
/pg/,I often help girls with their homework after school.
/pg/,campground
/gp/,They went to the big park.
/gp/,The dog played in the garden.
/gp/,It's nice to hug people.
/gp/,We had a big party yesterday.
/gp/,That is a big problem.
/gp/,He plays the bagpipe very well.
/tb/,football
/tb/,Please get back to your seat.
/tb/,I will meet Bob atthe station.
/tb/,I didn't eat beakfast this morning.
/tb/,Do you know taht boy?
/tb/,Read that book.
/tb/,I'd like to take a hot bath.
/tb/,The score was not bad.
/bt/,Bob takes a good picture.
/bt/,subtitle
/bt/,subtotal
/bt/,He plays for a club team.
/bt/,Bob told me the story.
/bk/,Let's grab cookies and coffee.
/bk/,Bob came to my house.
/bk/,David is a club captain.
/bk/,I bought a new web camera.
/bk/,Bob can speak English well.
/kb/,Look at the black bird.
/kb/,We saw a black bear.
/kb/,She has dark brown eyes.
/kb/,Don't look back.
/kb/,I will cook breakfast.
/kb/,I often read the cookbook.
/kb/,Look at the blackboard.
/kd/,She has a black dog.
/kd/,Lock the back door.
/kd/,I will make dinner tonight.
/kd/,I will ask Dad.
/kd/,They like dancing.
/dk/,I caught a bad cold.
/dk/,She has a red car.
/dk/,He is a good kid.
/dk/,It's a hard question.
/dk/,My brother likes to read comics.
/dk/,We had cake and coffee.
/gt/,Look at that big tree.
/gt/,Put it on the big table.
/tg/,Did you watch that game?
/s/+/j/,this year
/s/+/j/,miss you
/z/+/j/,I was young.
/z/+/j/,She loves you.
/t/+/j/,get you
/t/+/j/,that year
/t/+/j/,last year
/t/+/j/,Nice to meet you.
/d/+/j/,I need your help.
/d/+/j/,She loved you.
/pm/,Help me.
/tn/,button
/tn/,cotton
/tn/,mountain
/tn/,captain
/tn/,curtain
/tn/,fountain
/tn/,certainly
/tn/,eaten
/tn/,written
/tn/,forgotten
/tn/,last night
/tn/,I woke up at nine o'clock.
/tn/,She visited me at night.
/tn/,Her voice was sweet and clear.
/dn/,garden
/dn/,golden
/dn/,Sidney
/dn/,hidden
/dn/,didn't
/dn/,It was a bad news.
/dn/,It is a good news.
/dn/,I was sad to hear the sad news.
/pl/,people
/pl/,apple
/bl/,able
/bl/,cable
/bl/,table
/bl/,She is able to speak three languages.
/tl/,battle
/tl/,little
/tl/,title
/tl/,kettle
/tl/,bottle
/dl/,middle
/dl/,candle
/dl/,handle
/dl/,I would like some tea.
/kl/,medical
/kl/,local
/kl/,vocal
/kl/,musical
/kl/,tropical
/kl/,classical
/kl/,technical
/gl/,angle
/gl/,eagle
/gl/,single
/gl/,jungle
/gl/,Jingle bells.
/gl/,Google
/fl/,useful
/fl/,careful
/fl/,powerful
/fl/,colorful
/fl/,wonderful
/fl/,beautiful
/fl/,waffle
/fl/,shuffle
/fl/,rifle
/sl/,castle
/sl/,hustle
/sl/,wrestle
/zl/,puzzle
/nl/,tunnel
/nl/,chunnel
/db/,a good boy
/dm/,Good morning.
,
,
/nt/,twenty
/nt/,internet
/nt/,international
/nt/,interview
/nt/,center
/nt/,twenty
/nt/,winter
/nt/,rental
/nt/,I want some tea.
/tr/,trip
/tr/,tree
/tr/,trick
/tr/,try
/tr/,train
/tr/,trial
/tr/,traffic
/tr/,traditional
/tr/,travel
/tr/,street
/tr/,strike
/dr/,dream
/dr/,drama
/dr/,drink
/dr/,draw
/dr/,dress
/dr/,drill
/dr/,drive
/dr/,drop
/dr/,dry
/dr/,hundred
/tm/,bottom
